GUID,First Name,Middle,Last Name,Suffix,Professional Title,School,Affiliation
1,James,,DiNardo,MD,,,Harvard Medical School
2,Sulpico,,Soriano,MD,,,Harvard Medical School
3,Thomas,,Mancuso,MD,,,Harvard Medical School
4,Lawrence,C.,Tsen,MD,,,Harvard Medical School
5,Philip,,Hess,MD,,,Harvard Medical School
6,Lisa,R.,Leffert,MD,,,Harvard Medical School
7,Michaela,K.,Farber,"MD, MS",,,Harvard Medical School
8,Chris,,Gilligan,"MD, MBA",,,Harvard Medical School
9,James,P.,Rathmell,MD,,,Harvard Medical School
10,Navil,,Sethna,M.B;CH.B,,,Harvard Medical School
11,Keira,P.,Mason,MD,,,Harvard Medical School
12,Sugantha,,Sundar,MD,,,Harvard Medical School
13,Hovig,,Chitilian,MD,,,Harvard Medical School
14,Lauren,J.,Cornella,MD,,,Harvard Medical School
15,Michael,,Donnino,MD,,,Harvard Medical School
16,Angela,,Bader,"MD, MPH",,,Harvard Medical School
17,Feroze,,Mahmood,MD,,,Harvard Medical School
18,Corey,E.,Collins,DO,,,Harvard Medical School
19,Yuan-Chi,,Lin,MD,,,Harvard Medical School
20,Scott,C.,Streckenbach,MD,,,Harvard Medical School
21,Nita,,Sahani,MD,,,Harvard Medical School
22,David,B.,Waisel,MD,,,Harvard Medical School
23,Eric,,Cappiello,MD ,,,Harvard Medical School
24,Anasuya,,Vasudevan,"MD,FRCA",,,Harvard Medical School
25,Lisa,,Kunze,"MD, PhD",,,Harvard Medical School
26,Susan,,Vassallo,MD,,,Harvard Medical School
27,Emery,,Brown,"MD, PhD",,,Harvard Medical School
28,Vikas,,Sukhatme,"MD, PhD",,,Harvard Medical School
29,Keith,,Baker,"MD,PhD",,,Harvard Medical School
30,Pascal,Scemama,De Gialluly,MD,,,Harvard Medical School
31,Anthony,,Anderson,"MD,PhD",,,Harvard Medical School
32,George,,Topolus,MD ,,,Harvard Medical School
33,Matthias,Stopfkuchen,Evans,MD,,,Harvard Medical School
34,Peter,,Panzica,MD,,,Harvard Medical School
35,Stephen,,Pratt,MD,,,Harvard Medical School
36,Todd,,Sarge,MD ,,,Harvard Medical School
37,David,,Silver,MD ,,,Harvard Medical School
38,Achikam,Oren,Grinberg,MD,,,Harvard Medical School
39,Marcos,Vidal,Melo,"MD,PhD",,,Harvard Medical School
40,Lauren,,Fisher,DO,,,Harvard Medical School
41,Adam,,Lerner,MD,,,Harvard Medical School
42,Mark,A.,Rockoff,MD,,,Harvard Medical School
43,Robert,A.,Peterfreund,"MD, PhD",,,Harvard Medical School
44,Peter,,Weinstock,"MD, PhD",,,Harvard Medical School
45,Meredith,,Albrecht,"MD, PhD",,,Harvard Medical School
46,Cindy,,Ku,MD ,,,Harvard Medical School
47,Stephanie,,Jones,MD,,,Harvard Medical School
48,Roger,,Russell,MD,,,Harvard Medical School
49,Gail,,Gazelle,MD,,,Harvard Medical School
50,S.,Rao,Mallampati,MD,,,Harvard Medical School
51,Bhavani,,Kodali,MD,,,Harvard Medical School
52,Beverly,K.,Philip,MD,,,Harvard Medical School
53,Fred,E.,Shapiro,DO,,,Harvard Medical School
54,Richard,D.,Urman,"MD, MBA",,,Harvard Medical School
55,Lucinda,L.,Everett,MD,,,Harvard Medical School
56,Douglas,,Raines,MD ,,,Harvard Medical School
57,Keira,P.,Mason,MD,,,Harvard Medical School
58,Stuart,,Forman,"MD, PhD",,,Harvard Medical School
59,Andres,,Navedo-Rivera,MD,,,Harvard Medical School
60,Nelson,,Thaermert,MD,,,Harvard Medical School
61,Rajiv,,Doshi,MD,,,Harvard Medical School
62,Kenneth,A.,Bauer,MD,,,Harvard Medical School
63,John,,Pawlowski,"MD, PhD",,,Harvard Medical School
